actual_label,africa,americas,asia,australia,business,business-food,business-money,celebrities,china,economy,energy,entertainment,europe,football,golf,health,homes,india,intl_world,investing,living,media,middleeast,motorsport,movies,opinions,perspectives,politics,sport,success,tech,tennis,uk,us,weather,world
africa,3,0,0,0,1,0,0,1,0,0,0,0,0,0,0,2,0,0,0,0,0,0,1,0,0,0,0,1,0,0,0,0,0,0,0,0
americas,0,0,0,0,0,0,0,0,0,0,0,0,0,0,0,0,0,0,0,0,0,0,0,0,0,0,0,0,0,0,0,0,0,0,0,0
asia,0,0,0,1,0,0,0,0,0,0,0,0,0,0,0,0,0,0,0,0,0,0,1,0,0,0,0,0,0,0,0,0,0,0,0,0
australia,0,0,2,14,0,0,0,0,0,0,0,0,0,0,0,5,0,0,0,0,0,0,1,0,1,0,0,7,0,0,0,0,1,0,0,0
business,0,0,0,0,6,0,1,0,0,0,0,0,0,0,0,1,0,0,0,0,0,0,0,0,0,0,0,0,0,0,0,0,0,0,0,0
business-food,0,0,0,0,0,0,0,0,0,0,0,0,0,0,0,0,0,0,0,0,0,0,0,0,0,0,0,0,0,0,0,0,0,0,0,0
business-money,0,0,0,0,1,0,0,0,0,0,0,0,0,0,0,0,0,0,0,0,0,0,0,0,0,0,0,0,0,0,0,0,0,0,0,0
celebrities,0,0,0,0,0,0,0,0,0,0,0,0,0,0,0,0,0,0,0,0,0,0,0,0,0,0,0,0,0,0,0,0,0,0,0,0
china,0,0,0,0,0,0,0,0,1,0,0,0,0,0,0,0,0,0,0,0,0,0,0,0,0,0,0,0,0,0,0,0,0,0,0,0
economy,0,0,0,0,0,0,0,0,0,0,0,0,0,0,0,0,0,0,0,0,0,0,0,0,0,0,0,1,0,0,0,0,0,0,0,0
energy,0,0,0,0,0,0,0,0,0,0,0,0,0,0,0,0,0,0,0,0,0,0,0,0,0,0,0,0,0,0,0,0,0,0,0,0
entertainment,0,0,0,0,0,0,0,2,0,0,0,0,0,1,0,1,0,0,0,0,0,0,1,0,6,0,0,0,0,0,0,0,0,0,0,0
europe,1,1,1,1,3,0,2,6,0,0,0,0,49,1,1,23,0,0,0,0,0,0,7,0,6,0,0,44,0,0,0,1,8,0,0,4
football,0,2,1,0,1,0,0,3,0,0,0,0,1,96,0,4,0,0,0,0,0,0,1,0,1,0,0,0,1,0,0,1,1,3,0,0
golf,0,0,0,0,0,0,0,2,0,0,0,0,0,1,20,1,0,0,0,0,0,0,0,0,0,0,0,0,0,0,0,0,0,2,0,0
health,0,0,0,0,0,0,0,2,0,0,0,0,0,0,0,5,0,0,0,0,0,0,0,0,0,0,0,2,0,0,0,0,0,1,0,0
homes,0,0,0,0,0,0,0,0,0,0,0,0,0,0,0,0,0,0,0,0,0,0,0,0,0,0,0,0,0,0,0,0,0,0,0,0
india,0,0,0,0,0,0,0,0,0,0,0,0,0,0,0,0,0,0,0,0,0,0,0,0,0,0,0,0,0,0,0,0,0,0,0,0
intl_world,0,0,0,0,0,0,0,0,0,0,0,0,0,0,0,0,0,0,0,0,0,0,1,0,0,0,0,0,0,0,0,0,0,0,0,0
investing,0,0,0,0,1,0,0,0,0,0,0,0,0,0,0,0,0,0,0,0,0,0,0,0,0,0,0,0,0,0,0,0,0,0,0,0
living,0,0,0,0,0,0,0,0,0,0,0,0,0,0,0,0,0,0,0,0,0,0,0,0,0,0,0,1,0,0,0,0,0,0,0,0
media,0,0,1,0,0,0,0,0,0,0,0,0,0,0,0,0,0,0,0,0,0,0,0,0,0,0,0,0,0,0,0,0,0,0,0,0
middleeast,0,0,0,0,0,0,0,0,0,0,0,0,0,0,0,0,0,0,0,0,0,0,0,0,0,0,0,0,0,0,0,0,0,0,0,0
motorsport,0,0,1,0,0,0,0,0,0,0,0,0,0,15,0,0,0,0,0,0,0,0,0,5,0,0,0,1,1,0,0,0,0,1,0,0
movies,0,0,0,0,0,0,0,0,0,0,0,0,0,0,0,0,0,0,0,0,0,0,0,0,1,0,0,0,0,0,0,0,0,0,0,0
opinions,0,0,0,0,0,0,0,0,0,0,0,0,0,0,0,4,0,0,0,0,0,0,3,0,0,1,0,0,0,0,0,0,0,4,0,1
perspectives,0,0,0,0,3,0,0,0,0,0,0,0,0,0,0,0,0,0,0,0,0,0,0,0,0,0,0,2,0,0,0,0,0,0,0,0
politics,0,0,0,0,0,0,0,0,0,0,0,0,0,0,0,1,0,0,0,0,0,0,0,0,0,0,0,13,0,0,0,0,0,1,0,0
sport,2,1,23,6,4,0,0,20,0,0,0,0,5,87,0,8,0,0,0,0,0,0,7,3,3,0,0,6,42,0,0,2,2,14,0,2
success,0,0,0,0,2,0,1,0,0,0,0,0,0,0,0,0,0,0,0,0,0,0,0,0,0,0,0,0,0,0,0,0,0,0,0,0
tech,0,0,0,0,1,0,0,0,0,0,0,0,0,0,0,0,0,0,0,0,0,0,0,0,0,0,0,0,0,0,0,0,0,0,0,0
tennis,0,0,0,0,0,0,1,0,2,0,0,0,0,3,0,0,0,0,0,0,0,0,0,0,0,0,0,0,9,0,0,18,0,0,0,0
uk,0,0,1,1,4,0,0,7,0,0,0,0,1,0,0,7,0,0,0,0,0,0,0,0,2,0,0,19,0,0,0,0,32,0,0,0
us,0,1,0,0,3,0,0,2,0,0,0,0,0,0,0,3,0,0,0,0,0,0,2,0,1,2,0,5,0,0,0,0,0,3,0,0
weather,0,0,0,0,0,0,0,0,0,0,0,0,0,0,0,0,0,0,0,0,0,0,0,0,0,0,0,0,0,0,0,0,0,1,0,0
world,0,0,1,0,1,0,0,1,0,0,0,0,0,0,0,3,0,0,0,0,0,0,0,0,1,0,0,1,0,0,0,0,0,0,0,0
